threshold,precision,recall
0.018116448879107305,0.134,1.0
0.018219962832865696,0.13408939292861907,1.0
0.019567666842067725,0.1341789052069426,1.0
0.020429491100230474,0.1342685370741483,1.0
0.024241463334275046,0.13435828877005349,1.0
0.02606945095509192,0.13444816053511705,1.0
0.027179156892219315,0.13453815261044177,1.0
0.028108410261924465,0.1346282652377763,1.0
0.028218926379631935,0.13471849865951743,1.0
0.028441897853213473,0.13480885311871227,1.0
0.028638205436616188,0.1348993288590604,1.0
0.028872817511578167,0.13498992612491606,1.0
0.029854027425117946,0.1350806451612903,1.0
0.029931545940384746,0.1351714862138534,1.0
0.030740173575878094,0.13526244952893673,1.0
0.031052842990720527,0.13535353535353536,1.0
0.03132507945054938,0.13544474393530997,1.0
0.03152521231032048,0.13553607552258934,1.0
0.032040217403347115,0.13562753036437247,1.0
0.032229056395370465,0.13571910871033085,1.0
0.0328746625429409,0.1358108108108108,1.0
0.03325551035509893,0.1359026369168357,1.0
0.033295460084077,0.13599458728010824,1.0
0.03335067722061582,0.13608666215301288,1.0
0.03438994065825948,0.13617886178861788,1.0
0.034527669799152116,0.13627118644067795,1.0
0.03457177533671699,0.13636363636363635,1.0
0.03504242157530349,0.1364562118126273,1.0
0.03549498734567463,0.13654891304347827,1.0
0.03572003233227222,0.13664174031271245,1.0
0.036024358423490964,0.13673469387755102,1.0
0.03607967487148981,0.13682777399591559,1.0
0.036197367708439926,0.1369209809264305,1.0
0.03634872963921653,0.13701431492842536,1.0
0.037140243166818264,0.13710777626193724,1.0
0.03727233332498434,0.1372013651877133,1.0
0.03747375469520007,0.13729508196721313,1.0
0.03813360039764771,0.13738892686261106,1.0
0.03829379124792661,0.1374829001367989,1.0
0.03850759749242179,0.1375770020533881,1.0
0.039003949872504155,0.13767123287671232,1.0
0.039840593193505296,0.13776559287183002,1.0
0.04033316785615745,0.13786008230452676,1.0
0.04098050073739329,0.13795470144131777,1.0
0.04121567160016443,0.13804945054945056,1.0
0.04145943370162511,0.13814432989690723,1.0
0.04152418115195317,0.13823933975240715,1.0
0.042206083909772006,0.1383344803854095,1.0
0.04244004792373988,0.1384297520661157,1.0
0.042723833933074294,0.13852515506547208,1.0
0.04315678664602197,0.1386206896551724,1.0
0.04330806954885308,0.13871635610766045,1.0
0.04363243148241821,0.1388121546961326,1.0
0.04383223267209251,0.13890808569454044,1.0
0.04431249061156742,0.13900414937759337,1.0
0.044519984684231746,0.13910034602076124,1.0
0.0446800064600072,0.139196675900277,1.0
0.045054492549458355,0.1392931392931393,1.0
0.045335967191075834,0.1393897364771151,1.0
0.04541608143021501,0.13948646773074255,1.0
0.04545399281906972,0.13958333333333334,1.0
0.04573401388090149,0.13968033356497567,1.0
0.04585947105176127,0.13977746870653684,1.0
0.04598575913501597,0.13987473903966596,1.0
0.04599570180060171,0.13997214484679665,1.0
0.04607307351525212,0.14006968641114984,1.0
0.04620397664273102,0.1401673640167364,1.0
0.04654802798072074,0.14026517794836008,1.0
0.046807470338798673,0.1403631284916201,1.0
0.0468468768999897,0.14046121593291405,1.0
0.04700850121069424,0.14055944055944056,1.0
0.0473593975334203,0.14065780265920225,1.0
0.047446268357957365,0.1407563025210084,1.0
0.04756136916266142,0.14085494043447794,1.0
0.04762009959595794,0.14095371669004209,1.0
0.04787477513678602,0.14105263157894737,1.0
0.04803086459085836,0.14115168539325842,1.0
0.0482455269059497,0.14125087842586087,1.0
0.04827347769841431,0.14135021097046413,1.0
0.0487700901060814,0.1414496833216045,1.0
0.04877319814186679,0.1415492957746479,1.0
0.048833595388069403,0.1416490486257928,1.0
0.048979210341025495,0.14174894217207334,1.0
0.049776407090680166,0.14184897671136204,1.0
0.04993960138801621,0.1419491525423729,1.0
0.05012627556123056,0.1420494699646643,1.0
0.05028523126322403,0.14214992927864215,1.0
0.05047694868017411,0.14225053078556263,1.0
0.05059563996332353,0.1423512747875354,1.0
0.05073143980911594,0.14245216158752658,1.0
0.050738130450792715,0.1425531914893617,1.0
0.050745820297976564,0.1426543647977289,1.0
0.05085369564906049,0.14275568181818182,1.0
0.05086384485032908,0.14285714285714285,1.0
0.05087433556239456,0.14295874822190613,1.0
0.05093061257378798,0.14306049822064057,1.0
0.05098924862081973,0.14316239316239315,1.0
0.051189559799713034,0.14326443335709194,1.0
0.05129920012233915,0.1433666191155492,1.0
0.051299769427079554,0.14346895074946467,1.0
0.0516762112662477,0.14285714285714285,0.9950248756218906
0.05186251270497664,0.14295925661186562,0.9950248756218906
0.05196026414843231,0.1430615164520744,0.9950248756218906
0.05205073901050095,0.14316392269148176,0.9950248756218906
0.052064399712386855,0.14326647564469913,0.9950248756218906
0.05210071824596017,0.14336917562724014,0.9950248756218906
0.05223071176082285,0.14347202295552366,0.9950248756218906
0.0530409759829912,0.14357501794687724,0.9950248756218906
0.053408389890480086,0.14367816091954022,0.9950248756218906
0.053430827112637407,0.14378145219266714,0.9950248756218906
0.05346555065559282,0.14388489208633093,0.9950248756218906
0.053660106555334396,0.14398848092152627,0.9950248756218906
0.05396057222090343,0.1440922190201729,0.9950248756218906
0.054015115655292385,0.14419610670511895,0.9950248756218906
0.05404881271231868,0.1443001443001443,0.9950248756218906
0.05419857566812414,0.1444043321299639,0.9950248756218906
0.05452371693406738,0.14450867052023122,0.9950248756218906
0.05460528410457359,0.14461315979754158,0.9950248756218906
0.054731445912430524,0.1447178002894356,0.9950248756218906
0.05479271900078316,0.14482259232440262,0.9950248756218906
0.05495188001351936,0.14492753623188406,0.9950248756218906
0.05502923713627279,0.145032632342277,0.9950248756218906
0.05513124284280635,0.14513788098693758,0.9950248756218906
0.055228854731115405,0.14524328249818447,0.9950248756218906
0.05536695325754646,0.14534883720930233,0.9950248756218906
0.055425400081695435,0.14545454545454545,0.9950248756218906
0.05552229732257964,0.14556040756914118,0.9950248756218906
0.05561530959109682,0.14566642388929352,0.9950248756218906
0.055642418659713165,0.1457725947521866,0.9950248756218906
0.056010566620778385,0.14587892049598833,0.9950248756218906
0.05607054448155733,0.145985401459854,0.9950248756218906
0.0561997272155415,0.14609203798392986,0.9950248756218906
0.05625103017619668,0.14546783625730994,0.9900497512437811
0.05636464609458268,0.14557425018288223,0.9900497512437811
0.056612735747403636,0.14568081991215226,0.9900497512437811
0.056685978098023004,0.1457875457875458,0.9900497512437811
0.05681376451233753,0.14589442815249268,0.9900497512437811
0.056818777922006146,0.14600146735143066,0.9900497512437811
0.05702168412645501,0.1461086637298091,0.9900497512437811
0.05712243029993809,0.1462160176340926,0.9900497512437811
0.05713251078167923,0.1463235294117647,0.9900497512437811
0.05714081324339375,0.14643119941133187,0.9900497512437811
0.05722201125459694,0.14653902798232696,0.9900497512437811
0.05750666918354102,0.1466470154753132,0.9900497512437811
0.05771905864843337,0.1467551622418879,0.9900497512437811
0.057795235580304256,0.14686346863468636,0.9900497512437811
0.05781778947208717,0.14697193500738553,0.9900497512437811
0.058507971462599735,0.14708056171470807,0.9900497512437811
0.058543498608083826,0.14718934911242604,0.9900497512437811
0.05861466651038682,0.14729829755736493,0.9900497512437811
0.05868454718351968,0.1474074074074074,0.9900497512437811
0.05895446700110402,0.1475166790214974,0.9900497512437811
0.0590458826254016,0.1476261127596439,0.9900497512437811
0.05917257362087867,0.147735708982925,0.9900497512437811
0.0591911471808555,0.14784546805349183,0.9900497512437811
0.05956546787755156,0.1479553903345725,0.9900497512437811
0.05964522520965975,0.1480654761904762,0.9900497512437811
0.05981167133618493,0.14817572598659717,0.9900497512437811
0.05983024572391324,0.1482861400894188,0.9900497512437811
0.06012746658142344,0.14839671886651754,0.9900497512437811
0.060137149770711114,0.14850746268656717,0.9900497512437811
0.06020191064880428,0.1486183719193428,0.9900497512437811
0.06042415082120825,0.14872944693572496,0.9900497512437811
0.060672524553265286,0.14884068810770382,0.9900497512437811
0.06087960307348078,0.14895209580838323,0.9900497512437811
0.061135591023778746,0.149063670411985,0.9900497512437811
0.06115204070834748,0.14917541229385306,0.9900497512437811
0.061175501496608775,0.14928732183045762,0.9900497512437811
0.06122928566755598,0.1493993993993994,0.9900497512437811
0.06127607646120619,0.14951164537941397,0.9900497512437811
0.06132191149187569,0.14962406015037594,0.9900497512437811
0.061452736387014234,0.14973664409330323,0.9900497512437811
0.06201552527579779,0.14909638554216867,0.9850746268656716
0.06216106687148975,0.1492087415222306,0.9850746268656716
0.062248980344973656,0.1493212669683258,0.9850746268656716
0.06233758700408559,0.14943396226415095,0.9850746268656716
0.06249936032075702,0.14954682779456194,0.9850746268656716
0.06254569134145392,0.14965986394557823,0.9850746268656716
0.06301975570581955,0.14977307110438728,0.9850746268656716
0.06305388272452801,0.14988644965934897,0.9850746268656716
0.0632913595529786,0.15,0.9850746268656716
0.06335696302880885,0.14935557240333586,0.9800995024875622
0.06354691876050432,0.14946889226100152,0.9800995024875622
0.06374827963012185,0.14958238420653,0.9800995024875622
0.06378231238083999,0.14969604863221886,0.9800995024875622
0.06438577365843216,0.14980988593155894,0.9800995024875622
0.06448613018231314,0.14992389649923896,0.9800995024875622
0.06497968989405839,0.15003808073115005,0.9800995024875622
0.06503028663503069,0.15015243902439024,0.9800995024875622
0.0650391573143209,0.15026697177726925,0.9800995024875622
0.06514004813766056,0.150381679389313,0.9800995024875622
0.06529931880219834,0.15049656226126815,0.9800995024875622
0.0657342909993452,0.15061162079510704,0.9800995024875622
0.06589529581224085,0.15072685539403213,0.9800995024875622
0.06592840500568603,0.15084226646248086,0.9800995024875622
0.06608909400906901,0.15095785440613027,0.9800995024875622
0.0661405735267475,0.15107361963190183,0.9800995024875622
0.06624837183880286,0.15118956254796623,0.9800995024875622
0.06638772194059323,0.15130568356374807,0.9800995024875622
0.06670187662650301,0.15142198308993082,0.9800995024875622
0.06684417944680557,0.15153846153846154,0.9800995024875622
0.06691664938713317,0.15165511932255582,0.9800995024875622
0.06723482887962919,0.1517719568567026,0.9800995024875622
0.06738931173597679,0.15188897455666925,0.9800995024875622
0.0674286490229761,0.15200617283950618,0.9800995024875622
0.06744817443606801,0.15212355212355214,0.9800995024875622
0.0674615319214053,0.15224111282843894,0.9800995024875622
0.06794488957731772,0.15235885537509666,0.9800995024875622
0.0680055090430872,0.15247678018575853,0.9800995024875622
0.06807572349990942,0.15259488768396592,0.9800995024875622
0.06813898390999282,0.15271317829457365,0.9800995024875622
0.06820250103459691,0.15283165244375485,0.9800995024875622
0.06831256890865346,0.1529503105590062,0.9800995024875622
0.06840958617098503,0.15306915306915306,0.9800995024875622
0.06847962813516918,0.15318818040435458,0.9800995024875622
0.0685041199364466,0.15330739299610896,0.9800995024875622
0.06869737256384874,0.15342679127725856,0.9800995024875622
0.069180456988043,0.15354637568199533,0.9800995024875622
0.0693366850848437,0.15366614664586584,0.9800995024875622
0.06943055428718735,0.15378610460577674,0.9800995024875622
0.0698474976602515,0.15390625,0.9800995024875622
0.06994695653819945,0.15402658326817825,0.9800995024875622
0.07007010943709281,0.1541471048513302,0.9800995024875622
0.07019823330379839,0.15426781519185592,0.9800995024875622
0.07037275169690943,0.15438871473354232,0.9800995024875622
0.07070590747401469,0.15450980392156863,0.9800995024875622
0.07080343925558907,0.1546310832025118,0.9800995024875622
0.07114730443229689,0.15475255302435192,0.9800995024875622
0.07123261083167681,0.15487421383647798,0.9800995024875622
0.07160474203556665,0.15420928402832415,0.9751243781094527
0.0716558351813012,0.15433070866141732,0.9751243781094527
0.07185399077035376,0.15445232466509062,0.9751243781094527
0.07186828139720562,0.15457413249211358,0.9751243781094527
0.07194224004957982,0.15469613259668508,0.9751243781094527
0.07208606956072064,0.15481832543443919,0.9751243781094527
0.07209549880553755,0.1549407114624506,0.9751243781094527
0.07217408746534132,0.1550632911392405,0.9751243781094527
0.07222345189878648,0.15518606492478226,0.9751243781094527
0.07244824971839385,0.15530903328050713,0.9751243781094527
0.07284467389464473,0.15543219666931007,0.9751243781094527
0.07299471345128986,0.15555555555555556,0.9751243781094527
0.07301660134176882,0.1556791104050834,0.9751243781094527
0.07305528487518324,0.15580286168521462,0.9751243781094527
0.0732091155764162,0.15592680986475735,0.9751243781094527
0.07333523161568327,0.15605095541401273,0.9751243781094527
0.07353490096210002,0.15617529880478087,0.9751243781094527
0.07427725730671235,0.15629984051036683,0.9751243781094527
0.07428944786505502,0.1564245810055866,0.9751243781094527
0.0745208137761516,0.15654952076677317,0.9751243781094527
0.07512256455182946,0.15667466027178256,0.9751243781094527
0.07556453414473041,0.1568,0.9751243781094527
0.07589238356547019,0.15692554043234588,0.9751243781094527
0.07613858091052007,0.15705128205128205,0.9751243781094527
0.076162739424856,0.15717722534081796,0.9751243781094527
0.0763152164641142,0.1565008025682183,0.9701492537313433
0.07667213092429262,0.1566265060240964,0.9701492537313433
0.07686975799758036,0.1567524115755627,0.9701492537313433
0.07690546371255662,0.1568785197103781,0.9701492537313433
0.07714095984603442,0.1570048309178744,0.9701492537313433
0.07716841883199393,0.1571313456889605,0.9701492537313433
0.07780409907952937,0.15725806451612903,0.9701492537313433
0.07851993546593584,0.1565778853914447,0.9651741293532339
0.07866046659821709,0.1567043618739903,0.9651741293532339
0.07904227124931823,0.15683104284559418,0.9651741293532339
0.07937015590921939,0.156957928802589,0.9651741293532339
0.07946804230998136,0.15708502024291499,0.9651741293532339
0.07947075643703733,0.15721231766612642,0.9651741293532339
0.07966779401698859,0.1573398215733982,0.9651741293532339
0.07967439701923233,0.15746753246753248,0.9651741293532339
0.07972837956623875,0.15759545085296506,0.9651741293532339
0.07994347504159037,0.15772357723577235,0.9651741293532339
0.08046074436367105,0.15785191212367777,0.9651741293532339
0.08051863755224878,0.15798045602605862,0.9651741293532339
0.08071467738961907,0.15810920945395274,0.9651741293532339
0.0809975430550327,0.15823817292006526,0.9651741293532339
0.08100487697225463,0.15836734693877552,0.9651741293532339
0.08110400397728706,0.15849673202614378,0.9651741293532339
0.08114733100728042,0.15862632869991825,0.9651741293532339
0.08126813555749889,0.15875613747954173,0.9651741293532339
0.0813707120891535,0.1588861588861589,0.9651741293532339
0.08137719255213986,0.15901639344262294,0.9651741293532339
0.08205934726949915,0.15914684167350288,0.9651741293532339
0.08206309537475336,0.1592775041050903,0.9651741293532339
0.08211041157494672,0.15940838126540674,0.9651741293532339
0.08229528482866964,0.15953947368421054,0.9651741293532339
0.0826328115539836,0.15967078189300413,0.9651741293532339
0.08272599513397903,0.15897858319604613,0.9601990049751243
0.0827269894697714,0.15910964550700743,0.9601990049751243
0.0828298310026722,0.15841584158415842,0.9552238805970149
0.0828532890771962,0.15854665565648224,0.9552238805970149
0.08285852879688457,0.15867768595041323,0.9552238805970149
0.0831450101472314,0.15798180314309346,0.9502487562189055
0.0837007246319969,0.15811258278145696,0.9502487562189055
0.08409481656055783,0.15824357912178957,0.9502487562189055
0.08411545236275349,0.1583747927031509,0.9502487562189055
0.08417645927329087,0.15850622406639003,0.9502487562189055
0.08419997275245925,0.15780730897009967,0.945273631840796
0.08446447025135814,0.15793848711554448,0.945273631840796
0.0846636222793239,0.15806988352745424,0.945273631840796
0.08466633089132031,0.1582014987510408,0.945273631840796
0.08498575270272873,0.15833333333333333,0.945273631840796
0.08507921361827844,0.15846538782318598,0.945273631840796
0.0851379446350494,0.15859766277128548,0.945273631840796
0.08514682304191297,0.15873015873015872,0.945273631840796
0.08521231237110037,0.15802675585284282,0.9402985074626866
0.08533494084646161,0.1581589958158996,0.9402985074626866
0.08543262021463373,0.1574539363484087,0.9353233830845771
0.0854876145966123,0.15758591785414922,0.9353233830845771
0.08601595232632864,0.15771812080536912,0.9353233830845771
0.08650981270256392,0.15785054575986565,0.9353233830845771
0.08694791681307865,0.15798319327731092,0.9353233830845771
0.0871261553898795,0.1581160639192599,0.9353233830845771
0.08722819168861567,0.15824915824915825,0.9353233830845771
0.08738060384960765,0.15838247683235046,0.9353233830845771
0.08904608617258815,0.15851602023608768,0.9353233830845771
0.08908444897945553,0.15864978902953586,0.9353233830845771
0.08917610369299188,0.15878378378378377,0.9353233830845771
0.089304510142496,0.15891800507185122,0.9353233830845771
0.08955272974002113,0.15905245346869712,0.9353233830845771
0.08988996029306294,0.15918712955122777,0.9353233830845771
0.09006358697018088,0.15932203389830507,0.9353233830845771
0.09065863306708141,0.1594571670907549,0.9353233830845771
0.09093857426651515,0.15959252971137522,0.9353233830845771
0.0911991408337091,0.15972812234494477,0.9353233830845771
0.09128780267381968,0.1598639455782313,0.9353233830845771
0.09131746229747145,0.16,0.9353233830845771
0.09208139841011485,0.16013628620102216,0.9353233830845771
0.09234816750312164,0.16027280477408354,0.9353233830845771
0.09279615005002204,0.16040955631399317,0.9353233830845771
0.09300785255997823,0.1605465414175918,0.9353233830845771
0.09320104235691834,0.1606837606837607,0.9353233830845771
0.0932158762652605,0.16082121471343028,0.9353233830845771
0.0932643470137471,0.16095890410958905,0.9353233830845771
0.09333529422322845,0.1610968294772922,0.9353233830845771
0.09359791590723622,0.16123499142367068,0.9353233830845771
0.09367571352341254,0.16137339055793992,0.9353233830845771
0.09421459474759672,0.16151202749140894,0.9353233830845771
0.09430872741907834,0.16165090283748926,0.9353233830845771
0.09478663209237399,0.16179001721170397,0.9353233830845771
0.09574230452681255,0.16192937123169682,0.9353233830845771
0.09580606476858139,0.16206896551724137,0.9353233830845771
0.096213849436495,0.1622088006902502,0.9353233830845771
0.0965130419659195,0.16234887737478412,0.9353233830845771
0.09664037650614701,0.16248919619706137,0.9353233830845771
0.09674530606160438,0.16262975778546712,0.9353233830845771
0.09681857371342903,0.16277056277056276,0.9353233830845771
0.09730926266849464,0.16291161178509533,0.9353233830845771
0.0976245459688969,0.16305290546400694,0.9353233830845771
0.0980964294388382,0.16319444444444445,0.9353233830845771
0.09811488347144594,0.1633362293657689,0.9353233830845771
0.09854780869151761,0.1634782608695652,0.9353233830845771
0.0993549678378359,0.16362053959965187,0.9353233830845771
0.09953959776650972,0.16376306620209058,0.9353233830845771
0.09958559652510648,0.16390584132519617,0.9353233830845771
0.10000022752009552,0.16404886561954624,0.9353233830845771
0.10003205384153468,0.16419213973799127,0.9353233830845771
0.10036780146802733,0.16433566433566432,0.9353233830845771
0.1005728559620753,0.16447944006999124,0.9353233830845771
0.10060969315941017,0.1646234676007005,0.9353233830845771
0.10074513602108363,0.16476774758983348,0.9353233830845771
0.10090572605829899,0.1649122807017544,0.9353233830845771
0.1010968124256088,0.16505706760316066,0.9353233830845771
0.1011729712873678,0.16520210896309315,0.9353233830845771
0.10120999373241199,0.16534740545294635,0.9353233830845771
0.10137041607308925,0.16549295774647887,0.9353233830845771
0.10142312674365628,0.1656387665198238,0.9353233830845771
0.1027913067798433,0.1657848324514991,0.9353233830845771
0.10295923574560509,0.16593115622241836,0.9353233830845771
0.103222117381207,0.16607773851590105,0.9353233830845771
0.10346486251597316,0.16622458001768348,0.9353233830845771
0.10352184734459391,0.1663716814159292,0.9353233830845771
0.10390124907555816,0.16651904340124005,0.9353233830845771
0.10401133676810329,0.16666666666666666,0.9353233830845771
0.10464338509668043,0.1668145519077196,0.9353233830845771
0.10471092415185054,0.1669626998223801,0.9353233830845771
0.10482926852916691,0.1671111111111111,0.9353233830845771
0.10519623898825493,0.16725978647686832,0.9353233830845771
0.1053069702067784,0.1674087266251113,0.9353233830845771
0.10568523965565835,0.16755793226381463,0.9353233830845771
0.10607360092142244,0.16770740410347904,0.9353233830845771
0.10611481488461283,0.16785714285714284,0.9353233830845771
0.1061550500716425,0.1680071492403932,0.9353233830845771
0.1066279884730463,0.16815742397137745,0.9353233830845771
0.10671249492647462,0.1683079677708147,0.9353233830845771
0.10688989579751804,0.16845878136200718,0.9353233830845771
0.10705050884962754,0.16860986547085202,0.9353233830845771
0.10711055386256116,0.1687612208258528,0.9353233830845771
0.1071231907093098,0.16891284815813118,0.9353233830845771
0.10724155956763204,0.16906474820143885,0.9353233830845771
0.10739580997831599,0.1692169216921692,0.9353233830845771
0.1074764055752274,0.16936936936936936,0.9353233830845771
0.10747895549003587,0.16952209197475204,0.9353233830845771
0.10758420879069203,0.16967509025270758,0.9353233830845771
0.10762697681394176,0.16982836495031617,0.9353233830845771
0.10813225698790306,0.16998191681735986,0.9353233830845771
0.10828026081999981,0.17013574660633485,0.9353233830845771
0.10830745393581748,0.17028985507246377,0.9353233830845771
0.10850765791454156,0.17044424297370808,0.9353233830845771
0.10861532545522153,0.1705989110707804,0.9353233830845771
0.10914243955443219,0.17075386012715713,0.9353233830845771
0.10928386412304147,0.1709090909090909,0.9353233830845771
0.1093186140177359,0.1710646041856233,0.9353233830845771
0.10991748933470095,0.17122040072859745,0.9353233830845771
0.1104703578799206,0.17137648131267091,0.9353233830845771
0.1124131475713702,0.17153284671532848,0.9353233830845771
0.1128857828691843,0.17168949771689498,0.9353233830845771
0.11291445507954308,0.17184643510054845,0.9353233830845771
0.11293639554740124,0.17200365965233302,0.9353233830845771
0.11299369844578767,0.17216117216117216,0.9353233830845771
0.11312766911358876,0.17231897341888175,0.9353233830845771
0.11375345634359398,0.1724770642201835,0.9353233830845771
0.11405614813825629,0.17263544536271808,0.9353233830845771
0.11422891158635172,0.17279411764705882,0.9353233830845771
0.11439327684235366,0.17295308187672492,0.9353233830845771
0.114458537907893,0.1731123388581952,0.9353233830845771
0.11464434521495966,0.17327188940092167,0.9353233830845771
0.1147703160421256,0.17343173431734318,0.9353233830845771
0.1156973044409856,0.17359187442289936,0.9353233830845771
0.11573957016086166,0.17375231053604437,0.9353233830845771
0.11582524727538236,0.17391304347826086,0.9353233830845771
0.11586375630023074,0.17407407407407408,0.9353233830845771
0.11623902614441863,0.1742354031510658,0.9353233830845771
0.116427466765624,0.17439703153988867,0.9353233830845771
0.11654702054195501,0.1745589600742804,0.9353233830845771
0.11729978050384533,0.17472118959107807,0.9353233830845771
0.11745046654306178,0.17488372093023255,0.9353233830845771
0.11749124980455905,0.1750465549348231,0.9353233830845771
0.11753092871961476,0.17520969245107176,0.9353233830845771
0.11753251019979248,0.17537313432835822,0.9353233830845771
0.11753868855223643,0.17553688141923435,0.9353233830845771
0.1178166542938126,0.17570093457943925,0.9353233830845771
0.11810579077332778,0.17586529466791395,0.9353233830845771
0.11811001622029375,0.1760299625468165,0.9353233830845771
0.118554239750094,0.17619493908153702,0.9353233830845771
0.11877501257824834,0.17636022514071295,0.9353233830845771
0.11898829292165655,0.17652582159624414,0.9353233830845771
0.11941602234466248,0.17669172932330826,0.9353233830845771
0.11946659106170225,0.17685794920037629,0.9353233830845771
0.11984649045671862,0.17702448210922786,0.9353233830845771
0.12034436120695803,0.177191328934967,0.9353233830845771
0.12036668393404666,0.17735849056603772,0.9353233830845771
0.12062847311211033,0.17752596789423986,0.9353233830845771
0.12072034157196526,0.1767485822306238,0.9303482587064676
0.12087114178712786,0.17691579943235572,0.9303482587064676
0.12107302437723434,0.17708333333333334,0.9303482587064676
0.12124162783586322,0.17725118483412322,0.9303482587064676
0.12143293602926203,0.1774193548387097,0.9303482587064676
0.12157231151478838,0.17758784425451093,0.9303482587064676
0.12165479619273824,0.17775665399239543,0.9303482587064676
0.12166336151171755,0.1779257849666984,0.9303482587064676
0.12213471980793163,0.17809523809523808,0.9303482587064676
0.1224102892749502,0.1782650142993327,0.9303482587064676
0.1231178524663528,0.1784351145038168,0.9303482587064676
0.12364760899392875,0.17860553963705827,0.9303482587064676
0.12437934761545758,0.17877629063097514,0.9303482587064676
0.12454554405566232,0.17894736842105263,0.9303482587064676
0.12457920162123046,0.17911877394636017,0.9303482587064676
0.12461955205814167,0.17929050814956854,0.9303482587064676
0.12477788463665121,0.17946257197696738,0.9303482587064676
0.1249560226437245,0.17963496637848222,0.9303482587064676
0.12499217785661727,0.1798076923076923,0.9303482587064676
0.12513874702672534,0.17998075072184794,0.9303482587064676
0.12525879237087534,0.18015414258188825,0.9303482587064676
0.1252628694143671,0.18032786885245902,0.9303482587064676
0.12586361343706715,0.1805019305019305,0.9303482587064676
0.12596763008817566,0.17971014492753623,0.9253731343283582
0.12597442587013835,0.17988394584139264,0.9253731343283582
0.12611969196411354,0.18005808325266215,0.9253731343283582
0.1268185583505862,0.18023255813953487,0.9253731343283582
0.1272601170722599,0.18040737148399613,0.9253731343283582
0.12770647262425994,0.18058252427184465,0.9253731343283582
0.12816045457229824,0.18075801749271136,0.9253731343283582
0.1283133057032322,0.18093385214007782,0.9253731343283582
0.12847328703295138,0.18111002921129504,0.9253731343283582
0.12867341732102508,0.18128654970760233,0.9253731343283582
0.12898483130731966,0.18146341463414634,0.9253731343283582
0.12950675997193437,0.181640625,0.9253731343283582
0.12951670295427375,0.18181818181818182,0.9253731343283582
0.1296657482984342,0.18199608610567514,0.9253731343283582
0.1297643076290251,0.1821743388834476,0.9253731343283582
0.130054765052276,0.18235294117647058,0.9253731343283582
0.13024178573300255,0.18253189401373895,0.9253731343283582
0.1303339722098822,0.18271119842829076,0.9253731343283582
0.1304441496687242,0.18289085545722714,0.9253731343283582
0.13053027084755678,0.1830708661417323,0.9253731343283582
0.13055360911525132,0.18226600985221675,0.9203980099502488
0.1306003190928129,0.18244575936883628,0.9203980099502488
0.13076283945564895,0.18262586377097728,0.9203980099502488
0.13083229399522628,0.18280632411067194,0.9203980099502488
0.13084851758736754,0.18298714144411474,0.9203980099502488
0.1308980412162892,0.18316831683168316,0.9203980099502488
0.13189368877471244,0.18334985133795836,0.9203980099502488
0.1319146997387656,0.18353174603174602,0.9203980099502488
0.13211041799370912,0.18371400198609733,0.9203980099502488
0.13214163339106164,0.18389662027833,0.9203980099502488
0.13225443545463225,0.18407960199004975,0.9203980099502488
0.13228831205449346,0.18426294820717132,0.9203980099502488
0.1324886142791256,0.18444666001994017,0.9203980099502488
0.13249153613175405,0.18463073852295409,0.9203980099502488
0.13252961873510605,0.1848151848151848,0.9203980099502488
0.13253229459551602,0.185,0.9203980099502488
0.13270635685500579,0.18518518518518517,0.9203980099502488
0.13285157420612465,0.18537074148296592,0.9203980099502488
0.13326099355926088,0.1855566700100301,0.9203980099502488
0.13341154132162364,0.1857429718875502,0.9203980099502488
0.13345711984797756,0.18592964824120603,0.9203980099502488
0.13349785461098224,0.18611670020120724,0.9203980099502488
0.13352470629949048,0.1863041289023162,0.9203980099502488
0.1336621479087002,0.18649193548387097,0.9203980099502488
0.1337107939379317,0.18668012108980828,0.9203980099502488
0.13390744487671724,0.18686868686868688,0.9203980099502488
0.13419457568430374,0.1870576339737108,0.9203980099502488
0.1346024908169008,0.18724696356275303,0.9203980099502488
0.13510708229942087,0.18743667679837892,0.9203980099502488
0.1353104288316113,0.1876267748478702,0.9203980099502488
0.13555836591757206,0.18781725888324874,0.9203980099502488
0.13566367101813004,0.18800813008130082,0.9203980099502488
0.1360986767154799,0.18819938962360122,0.9203980099502488
0.13614265004953233,0.18839103869653767,0.9203980099502488
0.1365259729813134,0.18858307849133538,0.9203980099502488
0.13653920477171394,0.18877551020408162,0.9203980099502488
0.13656209812200004,0.18896833503575078,0.9203980099502488
0.13684669112431608,0.18916155419222905,0.9203980099502488
0.13691135392627707,0.18935516888433981,0.9203980099502488
0.1369259964074046,0.18954918032786885,0.9203980099502488
0.1369791213023151,0.18974358974358974,0.9203980099502488
0.13733953561768125,0.18993839835728954,0.9203980099502488
0.13734562755392504,0.19013360739979446,0.9203980099502488
0.1374362075654009,0.19032921810699588,0.9203980099502488
0.13762560290105935,0.19052523171987643,0.9203980099502488
0.13768357801006745,0.19072164948453607,0.9203980099502488
0.137685682060227,0.19091847265221878,0.9203980099502488
0.13830021524703726,0.19111570247933884,0.9203980099502488
0.13870708509019605,0.19131334022750776,0.9203980099502488
0.13875167738578056,0.1915113871635611,0.9203980099502488
0.13876494785454854,0.19170984455958548,0.9203980099502488
0.13925905745041806,0.19190871369294607,0.9203980099502488
0.13960326628180902,0.1921079958463136,0.9203980099502488
0.13969736042841452,0.19230769230769232,0.9203980099502488
0.139746096239441,0.19250780437044746,0.9203980099502488
0.14049641746937452,0.19270833333333334,0.9203980099502488
0.14062594801272973,0.19290928050052136,0.9203980099502488
0.14110381395918817,0.1931106471816284,0.9203980099502488
0.14112622572618466,0.19331243469174503,0.9203980099502488
0.14163098671497446,0.19351464435146443,0.9203980099502488
0.14187234147632036,0.193717277486911,0.9203980099502488
0.14190408256876533,0.19392033542976939,0.9203980099502488
0.14202674033508128,0.19412381951731375,0.9203980099502488
0.14204413552234987,0.19432773109243698,0.9203980099502488
0.1421363286397717,0.19453207150368035,0.9203980099502488
0.1421430364320859,0.19473684210526315,0.9203980099502488
0.14220980578459785,0.19494204425711276,0.9203980099502488
0.1423493937116137,0.19514767932489452,0.9203980099502488
0.14236914557420902,0.19535374868004224,0.9203980099502488
0.1427986270026215,0.19556025369978858,0.9203980099502488
0.14285379078937327,0.19576719576719576,0.9203980099502488
0.14294795041483227,0.19597457627118645,0.9203980099502488
0.1430796667479011,0.19618239660657477,0.9203980099502488
0.1435672737086319,0.19639065817409768,0.9203980099502488
0.14362747775254647,0.19659936238044634,0.9203980099502488
0.14432883890792716,0.19574468085106383,0.9154228855721394
0.14454047453290783,0.1959531416400426,0.9154228855721394
0.1447044268164962,0.19616204690831557,0.9154228855721394
0.14477754629932668,0.19637139807897544,0.9154228855721394
0.14478932077399168,0.19658119658119658,0.9154228855721394
0.14479696513051218,0.19679144385026737,0.9154228855721394
0.1448738511585106,0.19700214132762311,0.9154228855721394
0.14494157219967624,0.19721329046087888,0.9154228855721394
0.14528997593424323,0.19742489270386265,0.9154228855721394
0.14534115240240764,0.19763694951664876,0.9154228855721394
0.14565184800951075,0.1978494623655914,0.9154228855721394
0.14597928886151568,0.19806243272335844,0.9154228855721394
0.14640910891729508,0.19827586206896552,0.9154228855721394
0.1464244282611296,0.19848975188781015,0.9154228855721394
0.14671929911199116,0.1976241900647948,0.9104477611940298
0.14682626899465798,0.19783783783783784,0.9104477611940298
0.1470903535187862,0.19805194805194806,0.9104477611940298
0.14720970411635328,0.19826652221018418,0.9104477611940298
0.14730070898958847,0.1984815618221258,0.9104477611940298
0.14752117621168967,0.1986970684039088,0.9104477611940298
0.14755113430005523,0.19891304347826086,0.9104477611940298
0.14765875145441892,0.19912948857453755,0.9104477611940298
0.14767602709083458,0.19934640522875818,0.9104477611940298
0.147929174793542,0.19956379498364232,0.9104477611940298
0.14843101525296873,0.19978165938864628,0.9104477611940298
0.1484749623722571,0.2,0.9104477611940298
0.14936029130303152,0.19912472647702406,0.9054726368159204
0.1497500064390214,0.19934282584884994,0.9054726368159204
0.1499968583536738,0.19956140350877194,0.9054726368159204
0.15005186597627115,0.19978046103183314,0.9054726368159204
0.1505219261423874,0.2,0.9054726368159204
0.15075013693024397,0.2002200220022002,0.9054726368159204
0.15079765310804708,0.20044052863436124,0.9054726368159204
0.15118082990504114,0.20066152149944874,0.9054726368159204
0.15122526766371996,0.20088300220750552,0.9054726368159204
0.15174430215450715,0.2,0.900497512437811
0.15175077524839498,0.19911504424778761,0.8955223880597015
0.15175823459802515,0.19933554817275748,0.8955223880597015
0.1518762357273599,0.19955654101995565,0.8955223880597015
0.15206322837718664,0.1997780244173141,0.8955223880597015
0.15227356763958846,0.2,0.8955223880597015
0.1523280619799737,0.20022246941045607,0.8955223880597015
0.15247315834264463,0.20044543429844097,0.8955223880597015
0.15255968063065478,0.20066889632107024,0.8955223880597015
0.15279296450001986,0.20089285714285715,0.8955223880597015
0.15297513352200562,0.2011173184357542,0.8955223880597015
0.15357920282659143,0.20134228187919462,0.8955223880597015
0.15489467091114725,0.20156774916013437,0.8955223880597015
0.15541327930478577,0.20179372197309417,0.8955223880597015
0.1559560244912023,0.20202020202020202,0.8955223880597015
0.15608363933018943,0.20224719101123595,0.8955223880597015
0.15740250390162477,0.20247469066366705,0.8955223880597015
0.15752759007174313,0.20270270270270271,0.8955223880597015
0.1581088364613751,0.20293122886133033,0.8955223880597015
0.15814178367056977,0.20316027088036118,0.8955223880597015
0.15815960222244418,0.2033898305084746,0.8955223880597015
0.15824492461610043,0.20361990950226244,0.8955223880597015
0.15874691488748052,0.20385050962627407,0.8955223880597015
0.15882138020151626,0.20408163265306123,0.8955223880597015
0.15900349348446832,0.2043132803632236,0.8955223880597015
0.15903681218447893,0.20454545454545456,0.8955223880597015
0.1592743782591289,0.20477815699658702,0.8955223880597015
0.15941052008691275,0.20501138952164008,0.8955223880597015
0.15954000076127803,0.20524515393386544,0.8955223880597015
0.15954384191385976,0.2054794520547945,0.8955223880597015
0.15965751736210804,0.2057142857142857,0.8955223880597015
0.15969744057191929,0.20594965675057209,0.8955223880597015
0.16030831831851763,0.20618556701030927,0.8955223880597015
0.16038062319631258,0.20642201834862386,0.8955223880597015
0.16054997796383913,0.2066590126291619,0.8955223880597015
0.16061827168478318,0.20689655172413793,0.8955223880597015
0.16090688339505044,0.20713463751438435,0.8955223880597015
0.16124656244141566,0.2073732718894009,0.8955223880597015
0.16133828213511958,0.20761245674740483,0.8955223880597015
0.16143849465582916,0.20785219399538107,0.8955223880597015
0.16148248217484287,0.20809248554913296,0.8955223880597015
0.16158998786650064,0.20833333333333334,0.8955223880597015
0.16167019973898175,0.2085747392815759,0.8955223880597015
0.16181822497815146,0.2088167053364269,0.8955223880597015
0.16206343100703832,0.20905923344947736,0.8955223880597015
0.16230087511890662,0.20930232558139536,0.8955223880597015
0.16232821512989892,0.20954598370197905,0.8955223880597015
0.1623760316605511,0.2097902097902098,0.8955223880597015
0.16272938512298943,0.2100350058343057,0.8955223880597015
0.1629554023140197,0.2102803738317757,0.8955223880597015
0.16329082462556974,0.21052631578947367,0.8955223880597015
0.16330261903837884,0.2107728337236534,0.8955223880597015
0.1633899096136274,0.21101992966002345,0.8955223880597015
0.16388361766337894,0.2112676056338028,0.8955223880597015
0.1639220883769749,0.21151586368977673,0.8955223880597015
0.16428848762328663,0.21176470588235294,0.8955223880597015
0.16431952215872656,0.21201413427561838,0.8955223880597015
0.16470901294009752,0.21226415094339623,0.8955223880597015
0.16496767180363223,0.21251475796930341,0.8955223880597015
0.16532028166789903,0.2127659574468085,0.8955223880597015
0.165323628560258,0.21301775147928995,0.8955223880597015
0.1654531968414953,0.2132701421800948,0.8955223880597015
0.16551563162740215,0.21233689205219455,0.8905472636815921
0.16613167909979615,0.21258907363420426,0.8905472636815921
0.16631491785060412,0.21284185493460167,0.8905472636815921
0.1663675742430192,0.2130952380952381,0.8905472636815921
0.16674477172163849,0.2133492252681764,0.8905472636815921
0.16736271239716263,0.21241050119331742,0.8855721393034826
0.16741214776703203,0.2114695340501792,0.8805970149253731
0.16776686234464164,0.2117224880382775,0.8805970149253731
0.1679252770870611,0.2119760479041916,0.8805970149253731
0.1687113455268199,0.21223021582733814,0.8805970149253731
0.16876792628743814,0.21248499399759904,0.8805970149253731
0.16895896406636596,0.2127403846153846,0.8805970149253731
0.16899639290745774,0.21299638989169675,0.8805970149253731
0.16912064855248446,0.21325301204819277,0.8805970149253731
0.16940632772266326,0.2135102533172497,0.8805970149253731
0.1696325642078735,0.213768115942029,0.8805970149253731
0.16983629888053386,0.2140266021765417,0.8805970149253731
0.16989015916409805,0.21428571428571427,0.8805970149253731
0.1699820648568757,0.21454545454545454,0.8805970149253731
0.17002722242196522,0.21480582524271843,0.8805970149253731
0.17008602527643898,0.21385176184690158,0.8756218905472637
0.17038361162458826,0.2141119221411192,0.8756218905472637
0.17054945424975415,0.2143727161997564,0.8756218905472637
0.17064611236760313,0.2146341463414634,0.8756218905472637
0.17098730777233703,0.2148962148962149,0.8756218905472637
0.1709933231161009,0.21515892420537897,0.8756218905472637
0.1712496105827878,0.21542227662178703,0.8756218905472637
0.17164327219579273,0.21568627450980393,0.8756218905472637
0.17184551490202513,0.21595092024539878,0.8756218905472637
0.17199490149827337,0.214987714987715,0.8706467661691543
0.1719983931703472,0.21525215252152521,0.8706467661691543
0.17207690040577134,0.21551724137931033,0.8706467661691543
0.172290416211433,0.2157829839704069,0.8706467661691543
0.17253056386439902,0.21604938271604937,0.8706467661691543
0.17259486244344766,0.21631644004944375,0.8706467661691543
0.17298227606822789,0.21658415841584158,0.8706467661691543
0.173643187722729,0.21685254027261464,0.8706467661691543
0.17396598848874498,0.21712158808933002,0.8706467661691543
0.17399861910448494,0.21739130434782608,0.8706467661691543
0.17543579380762897,0.21766169154228857,0.8706467661691543
0.1755769288560995,0.21793275217932753,0.8706467661691543
0.17577128513295878,0.21820448877805487,0.8706467661691543
0.17578278716452428,0.2184769038701623,0.8706467661691543
0.17595533202959118,0.21875,0.8706467661691543
0.17598641962256611,0.2190237797246558,0.8706467661691543
0.1760284198931723,0.21929824561403508,0.8706467661691543
0.17613434164075167,0.21957340025094102,0.8706467661691543
0.1764315494378818,0.2198492462311558,0.8706467661691543
0.17658573918051113,0.22012578616352202,0.8706467661691543
0.17664376907722573,0.22040302267002518,0.8706467661691543
0.17697641077505533,0.22068095838587642,0.8706467661691543
0.17726734593700327,0.22095959595959597,0.8706467661691543
0.17755004538827363,0.22123893805309736,0.8706467661691543
0.177812804407687,0.22151898734177214,0.8706467661691543
0.17797701551928186,0.2217997465145754,0.8706467661691543
0.17800892112285666,0.22208121827411167,0.8706467661691543
0.17888357091071597,0.22236340533672172,0.8706467661691543
0.17892027948836245,0.22137404580152673,0.8656716417910447
0.17905845170281845,0.22165605095541402,0.8656716417910447
0.17913672188001073,0.22193877551020408,0.8656716417910447
0.17927920558280297,0.2222222222222222,0.8656716417910447
0.17988169842281532,0.22250639386189258,0.8656716417910447
0.1800352486135965,0.22279129321382843,0.8656716417910447
0.1801897662854708,0.22179487179487178,0.8606965174129353
0.18021855551948127,0.2220795892169448,0.8606965174129353
0.18045172829487127,0.22236503856041132,0.8606965174129353
0.18063061148982487,0.22265122265122264,0.8606965174129353
0.18089197981293084,0.22293814432989692,0.8606965174129353
0.18093482667661984,0.2232258064516129,0.8606965174129353
0.18140742218147207,0.2235142118863049,0.8606965174129353
0.18149301045796895,0.222509702457956,0.8557213930348259
0.18159055071202854,0.22279792746113988,0.8557213930348259
0.181667919826189,0.2230869001297017,0.8557213930348259
0.1819161614130535,0.22337662337662337,0.8557213930348259
0.18238239912711338,0.22366710013003901,0.8557213930348259
0.18284504191757125,0.22395833333333334,0.8557213930348259
0.18302443177440716,0.2242503259452412,0.8557213930348259
0.1831486442335163,0.2245430809399478,0.8557213930348259
0.18336568263610434,0.22483660130718955,0.8557213930348259
0.18350852839921303,0.2238219895287958,0.8507462686567164
0.18419572952106825,0.22411533420707733,0.8507462686567164
0.1844376975112921,0.22440944881889763,0.8507462686567164
0.18493281720772323,0.22470433639947437,0.8507462686567164
0.18651984554888038,0.225,0.8507462686567164
0.1872781095186621,0.22529644268774704,0.8507462686567164
0.18852757273034393,0.22559366754617413,0.8507462686567164
0.18915191591351205,0.22589167767503301,0.8507462686567164
0.18964595356699232,0.2261904761904762,0.8507462686567164
0.18975649566594552,0.22649006622516557,0.8507462686567164
0.1900929818511219,0.22679045092838196,0.8507462686567164
0.1906753347633252,0.22709163346613545,0.8507462686567164
0.19075707017811086,0.22739361702127658,0.8507462686567164
0.19134940199508943,0.22636484687083888,0.845771144278607
0.19156475328873693,0.22666666666666666,0.845771144278607
0.19164823965623048,0.22696929238985314,0.845771144278607
0.19177278370688242,0.22727272727272727,0.845771144278607
0.1918114719793235,0.22757697456492637,0.845771144278607
0.19211136865729608,0.22788203753351208,0.845771144278607
0.19212726015197074,0.22818791946308725,0.845771144278607
0.19226800174793726,0.22849462365591397,0.845771144278607
0.1922816587298616,0.2274562584118439,0.8407960199004975
0.1923928233986645,0.22641509433962265,0.835820895522388
0.19254656727299266,0.22672064777327935,0.835820895522388
0.19257961848769517,0.22702702702702704,0.835820895522388
0.19274019637167975,0.2273342354533153,0.835820895522388
0.1932759611450623,0.22764227642276422,0.835820895522388
0.19358092202438842,0.22795115332428764,0.835820895522388
0.19366901751805518,0.22826086956521738,0.835820895522388
0.1938014484451135,0.2272108843537415,0.8308457711442786
0.19407413918066072,0.22752043596730245,0.8308457711442786
0.19440197840748982,0.22783083219645292,0.8308457711442786
0.19450935888964835,0.22814207650273224,0.8308457711442786
0.19470318756531316,0.22845417236662108,0.8308457711442786
0.19474769766512023,0.22876712328767124,0.8308457711442786
0.1949502918859018,0.22908093278463648,0.8308457711442786
0.1949832489509896,0.22802197802197802,0.8258706467661692
0.19526628081399974,0.22833562585969738,0.8258706467661692
0.19571127212858766,0.22865013774104684,0.8258706467661692
0.19575809494494362,0.2289655172413793,0.8258706467661692
0.1960792907684085,0.2292817679558011,0.8258706467661692
0.1962051271762491,0.22959889349930843,0.8258706467661692
0.1972373899163089,0.2299168975069252,0.8258706467661692
0.19747172785864406,0.2302357836338419,0.8258706467661692
0.1975201118232909,0.23055555555555557,0.8258706467661692
0.19799351073171448,0.23087621696801114,0.8258706467661692
0.19847437560668113,0.23119777158774374,0.8258706467661692
0.19898950412777833,0.2315202231520223,0.8258706467661692
0.19931233758154354,0.23184357541899442,0.8258706467661692
0.19937342199490451,0.23216783216783216,0.8258706467661692
0.1999452418049669,0.23249299719887956,0.8258706467661692
0.20000692536902526,0.23281907433380084,0.8258706467661692
0.2003175630075109,0.23314606741573032,0.8258706467661692
0.20053589898705954,0.23347398030942335,0.8258706467661692
0.20119495634273185,0.23380281690140844,0.8258706467661692
0.20138128624395232,0.23272214386459802,0.8208955223880597
0.2017072283680768,0.2330508474576271,0.8208955223880597
0.2021052267000737,0.2333804809052334,0.8208955223880597
0.20241192718296006,0.23371104815864022,0.8208955223880597
0.20242518977469878,0.23404255319148937,0.8208955223880597
0.20246654661319388,0.234375,0.8208955223880597
0.20326972730480206,0.2332859174964438,0.8159203980099502
0.20373992193206375,0.2336182336182336,0.8159203980099502
0.2041250657190167,0.23395149786019973,0.8159203980099502
0.204184379036327,0.2342857142857143,0.8159203980099502
0.20474568222944975,0.23462088698140202,0.8159203980099502
0.20491342078498367,0.2349570200573066,0.8159203980099502
0.20498299406225742,0.23529411764705882,0.8159203980099502
0.20503928816128666,0.23563218390804597,0.8159203980099502
0.20504216006156684,0.23597122302158274,0.8159203980099502
0.2051504383307396,0.23631123919308358,0.8159203980099502
0.20533250387737587,0.23665223665223664,0.8159203980099502
0.2055424897077174,0.23699421965317918,0.8159203980099502
0.2057662294430686,0.23733719247467439,0.8159203980099502
0.20687392182190248,0.23768115942028986,0.8159203980099502
0.20706492533138834,0.23802612481857766,0.8159203980099502
0.20723634001673058,0.23837209302325582,0.8159203980099502
0.2073873078956805,0.23871906841339155,0.8159203980099502
0.20752601191520662,0.239067055393586,0.8159203980099502
0.2076908039474601,0.23795620437956205,0.8109452736318408
0.20814673115983262,0.23830409356725146,0.8109452736318408
0.20819387301032585,0.23865300146412885,0.8109452736318408
0.20827902817864594,0.23900293255131966,0.8109452736318408
0.20845160971314733,0.2393538913362702,0.8109452736318408
0.20847591827519943,0.23970588235294119,0.8109452736318408
0.20888706216824549,0.24005891016200295,0.8109452736318408
0.20914790450716023,0.24041297935103245,0.8109452736318408
0.20959892015933024,0.24076809453471196,0.8109452736318408
0.2103077697815457,0.2411242603550296,0.8109452736318408
0.2103564561172903,0.2414814814814815,0.8109452736318408
0.2105709000957179,0.24183976261127596,0.8109452736318408
0.21088584090994308,0.24219910846953938,0.8109452736318408
0.2110508868453326,0.2425595238095238,0.8109452736318408
0.2114723071003547,0.2429210134128167,0.8109452736318408
0.21216814947830465,0.24328358208955222,0.8109452736318408
0.2129237390921749,0.242152466367713,0.8059701492537313
0.21398966256942809,0.24251497005988024,0.8059701492537313
0.21454489075076558,0.24287856071964017,0.8059701492537313
0.2145881551914793,0.24174174174174173,0.8009950248756219
0.21501637834258108,0.24210526315789474,0.8009950248756219
0.21539204646409785,0.24246987951807228,0.8009950248756219
0.21550566372960203,0.24132730015082957,0.7960199004975125
0.21604962672024092,0.24169184290030213,0.7960199004975125
0.21669763954827917,0.24205748865355523,0.7960199004975125
0.2167713634848001,0.24242424242424243,0.7960199004975125
0.21703686682938678,0.24279210925644917,0.7960199004975125
0.2177570525684058,0.24316109422492402,0.7960199004975125
0.21790201053964864,0.243531202435312,0.7960199004975125
0.21809200506182005,0.24390243902439024,0.7960199004975125
0.2182287263090297,0.24427480916030533,0.7960199004975125
0.21837963218740972,0.24311926605504589,0.7910447761194029
0.21850987968004312,0.24196018376722817,0.7860696517412935
0.21859716727419315,0.24233128834355827,0.7860696517412935
0.2187399806180647,0.24270353302611367,0.7860696517412935
0.21874164604149807,0.24307692307692308,0.7860696517412935
0.2190488450531444,0.24345146379044685,0.7860696517412935
0.21932200767380244,0.24382716049382716,0.7860696517412935
0.21943616187623283,0.24420401854714066,0.7860696517412935
0.219525214239106,0.24458204334365324,0.7860696517412935
0.22005040596150613,0.24496124031007752,0.7860696517412935
0.2201338333234791,0.2453416149068323,0.7860696517412935
0.2203501055755525,0.24572317262830481,0.7860696517412935
0.22061826311096175,0.24610591900311526,0.7860696517412935
0.2229974931326595,0.24648985959438377,0.7860696517412935
0.2230332514774638,0.246875,0.7860696517412935
0.22314319196165774,0.24726134585289514,0.7860696517412935
0.22317458468671497,0.2476489028213166,0.7860696517412935
0.22329556887635138,0.24803767660910517,0.7860696517412935
0.2239948810386487,0.24842767295597484,0.7860696517412935
0.224573552610347,0.24881889763779527,0.7860696517412935
0.22465531602888927,0.24921135646687698,0.7860696517412935
0.22515220437889588,0.2480252764612954,0.7810945273631841
0.2254083969020809,0.24841772151898733,0.7810945273631841
0.2259170028495761,0.24722662440570523,0.7761194029850746
0.2261111387607379,0.24761904761904763,0.7761194029850746
0.22611410556235637,0.2480127186009539,0.7761194029850746
0.22665874361445654,0.24681528662420382,0.7711442786069652
0.22777555128564894,0.24720893141945774,0.7711442786069652
0.227952990536865,0.2476038338658147,0.7711442786069652
0.2281598095195822,0.248,0.7711442786069652
0.22885013960800346,0.2483974358974359,0.7711442786069652
0.22937162848955192,0.24879614767255218,0.7711442786069652
0.2298316289463177,0.24758842443729903,0.7661691542288557
0.23105386896996372,0.24798711755233493,0.7661691542288557
0.23138244120453877,0.24838709677419354,0.7661691542288557
0.2314314972719641,0.24878836833602586,0.7661691542288557
0.23151807178852252,0.24919093851132687,0.7661691542288557
0.23183277834668592,0.24959481361426256,0.7661691542288557
0.232364234370071,0.25,0.7661691542288557
0.2325089279696357,0.25040650406504067,0.7661691542288557
0.23351220807568837,0.250814332247557,0.7661691542288557
0.23388245746115555,0.25122349102773245,0.7661691542288557
0.23446071936216265,0.25,0.7611940298507462
0.2354777009665077,0.24877250409165302,0.7562189054726368
0.23625345208939935,0.24754098360655738,0.7512437810945274
0.23713833598138423,0.24794745484400657,0.7512437810945274
0.23726695912962392,0.24835526315789475,0.7512437810945274
0.23727239403945724,0.2471169686985173,0.746268656716418
0.23772935846642668,0.24752475247524752,0.746268656716418
0.23883977721902183,0.24793388429752067,0.746268656716418
0.23902875326145914,0.24834437086092714,0.746268656716418
0.239227363503174,0.24875621890547264,0.746268656716418
0.23957380802942088,0.24916943521594684,0.746268656716418
0.23970367181249316,0.24958402662229617,0.746268656716418
0.24011908471203086,0.25,0.746268656716418
0.2401491771505085,0.25041736227045075,0.746268656716418
0.24138235367050875,0.2508361204013378,0.746268656716418
0.24145128898115423,0.25125628140703515,0.746268656716418
0.24155919755694316,0.2516778523489933,0.746268656716418
0.2424324885035874,0.25210084033613445,0.746268656716418
0.2429805758262648,0.25252525252525254,0.746268656716418
0.24352090107926508,0.25295109612141653,0.746268656716418
0.24352959042869146,0.2533783783783784,0.746268656716418
0.2456465852285809,0.25380710659898476,0.746268656716418
0.24589564916597137,0.2542372881355932,0.746268656716418
0.24673462788787556,0.2546689303904924,0.746268656716418
0.2469231260563317,0.25510204081632654,0.746268656716418
0.24715877941399478,0.2555366269165247,0.746268656716418
0.2472034630033789,0.25597269624573377,0.746268656716418
0.2474451236829899,0.2564102564102564,0.746268656716418
0.24767390328990407,0.2568493150684932,0.746268656716418
0.24776475475731774,0.25728987993138935,0.746268656716418
0.2483052161483042,0.25773195876288657,0.746268656716418
0.2485181542875397,0.25817555938037867,0.746268656716418
0.248697548911249,0.25862068965517243,0.746268656716418
0.24876752714033828,0.25906735751295334,0.746268656716418
0.24933690111100693,0.25951557093425603,0.746268656716418
0.2494554454155173,0.25996533795493937,0.746268656716418
0.2502972956074026,0.2586805555555556,0.7412935323383084
0.250356324126054,0.2591304347826087,0.7412935323383084
0.2507742735677465,0.2578397212543554,0.736318407960199
0.25089418593139406,0.2582897033158813,0.736318407960199
0.2521536682919938,0.25874125874125875,0.736318407960199
0.2533247256595308,0.2591943957968476,0.736318407960199
0.25341238793537135,0.2596491228070175,0.736318407960199
0.253437305213472,0.2601054481546573,0.736318407960199
0.2539439628196956,0.2605633802816901,0.736318407960199
0.2540636627085452,0.26102292768959434,0.736318407960199
0.254799079434223,0.2597173144876325,0.7313432835820896
0.25736182865730395,0.26017699115044246,0.7313432835820896
0.2574192534666847,0.26063829787234044,0.7313432835820896
0.2575435637302263,0.261101243339254,0.7313432835820896
0.2576556210400799,0.2615658362989324,0.7313432835820896
0.25806155281684623,0.2620320855614973,0.7313432835820896
0.2585338388419092,0.2625,0.7313432835820896
0.2605951236608622,0.2629695885509839,0.7313432835820896
0.260794065962184,0.2616487455197133,0.7263681592039801
0.26085887622596277,0.2621184919210054,0.7263681592039801
0.2609075542169202,0.2607913669064748,0.7213930348258707
0.262259438525486,0.26126126126126126,0.7213930348258707
0.26262076508410986,0.26173285198555957,0.7213930348258707
0.26312385583936565,0.26220614828209765,0.7213930348258707
0.2639437130400175,0.26268115942028986,0.7213930348258707
0.26463818972768866,0.2631578947368421,0.7213930348258707
0.2646383136758075,0.2636363636363636,0.7213930348258707
0.26479225432061987,0.2641165755919854,0.7213930348258707
0.26598261527722405,0.2645985401459854,0.7213930348258707
0.26690584045814125,0.26508226691042047,0.7213930348258707
0.2673446674555576,0.26556776556776557,0.7213930348258707
0.2682935571245802,0.26605504587155965,0.7213930348258707
0.26892440647786575,0.2665441176470588,0.7213930348258707
0.26913477399886276,0.26519337016574585,0.7164179104477612
0.2692517482533283,0.2656826568265683,0.7164179104477612
0.26926476469797833,0.266173752310536,0.7164179104477612
0.2695314119198235,0.26666666666666666,0.7164179104477612
0.26964558555322865,0.26716141001855287,0.7164179104477612
0.2699279459722651,0.26765799256505574,0.7164179104477612
0.27070432803703776,0.2681564245810056,0.7164179104477612
0.27143751457118265,0.26865671641791045,0.7164179104477612
0.2735553515196211,0.2691588785046729,0.7164179104477612
0.2743852059671058,0.2696629213483146,0.7164179104477612
0.2747120801943562,0.2701688555347092,0.7164179104477612
0.27588494514112627,0.2706766917293233,0.7164179104477612
0.27612866939280795,0.2711864406779661,0.7164179104477612
0.27854491696419,0.27169811320754716,0.7164179104477612
0.27863158241440955,0.2722117202268431,0.7164179104477612
0.2794069540726862,0.2727272727272727,0.7164179104477612
0.2795698133457864,0.2732447817836812,0.7164179104477612
0.27960715200830083,0.2737642585551331,0.7164179104477612
0.2806510576369711,0.2742857142857143,0.7164179104477612
0.28076303518427637,0.2729007633587786,0.7114427860696517
0.2810510240219639,0.2734225621414914,0.7114427860696517
0.28109424071066735,0.2739463601532567,0.7114427860696517
0.28121258228365115,0.2744721689059501,0.7114427860696517
0.2817704536118046,0.275,0.7114427860696517
0.28177530159470254,0.27552986512524086,0.7114427860696517
0.2818672043156956,0.27606177606177607,0.7114427860696517
0.2821199157318225,0.2765957446808511,0.7114427860696517
0.28252897993801473,0.2751937984496124,0.7064676616915423
0.2825720960287543,0.2757281553398058,0.7064676616915423
0.2834100995799941,0.27626459143968873,0.7064676616915423
0.2836180624667902,0.27680311890838205,0.7064676616915423
0.2836506987174228,0.27734375,0.7064676616915423
0.28408596315365453,0.27788649706457924,0.7064676616915423
0.2842979265467029,0.27647058823529413,0.7014925373134329
0.2843217526401755,0.275049115913556,0.6965174129353234
0.2850004886840678,0.2755905511811024,0.6965174129353234
0.2852903224319071,0.27416173570019725,0.6915422885572139
0.2859177734270431,0.2727272727272727,0.6865671641791045
0.2869456143304774,0.2732673267326733,0.6865671641791045
0.28727753768346714,0.27380952380952384,0.6865671641791045
0.2873644141781523,0.27435387673956263,0.6865671641791045
0.28742198846017414,0.2749003984063745,0.6865671641791045
0.2887490369126477,0.27345309381237526,0.681592039800995
0.2891187304468731,0.274,0.681592039800995
0.2893119289227368,0.2725450901803607,0.6766169154228856
0.29050204870647367,0.27309236947791166,0.6766169154228856
0.2905454121803793,0.2716297786720322,0.6716417910447762
0.2906986608966585,0.2721774193548387,0.6716417910447762
0.29102477088290657,0.2727272727272727,0.6716417910447762
0.2911667562967076,0.2732793522267207,0.6716417910447762
0.2926286538051806,0.2738336713995943,0.6716417910447762
0.29338401500425937,0.27235772357723576,0.6666666666666666
0.2944120228634395,0.2729124236252546,0.6666666666666666
0.29449606121121474,0.27346938775510204,0.6666666666666666
0.295512219767018,0.2719836400817996,0.6616915422885572
0.2957601611326111,0.27049180327868855,0.6567164179104478
0.2960323827580786,0.27104722792607805,0.6567164179104478
0.2965462748470856,0.2716049382716049,0.6567164179104478
0.29866823538541454,0.27010309278350514,0.6517412935323383
0.29887452617428467,0.2706611570247934,0.6517412935323383
0.2997458797362524,0.2712215320910973,0.6517412935323383
0.29976802939902536,0.2717842323651452,0.6517412935323383
0.2998482352658469,0.2702702702702703,0.6467661691542289
0.300926643034961,0.2708333333333333,0.6467661691542289
0.30163647697866963,0.27139874739039666,0.6467661691542289
0.3022987018226081,0.2698744769874477,0.6417910447761194
0.30296758570961435,0.26834381551362685,0.6368159203980099
0.30334489280111243,0.2689075630252101,0.6368159203980099
0.30450901077751463,0.2673684210526316,0.6318407960199005
0.3054879308937132,0.2679324894514768,0.6318407960199005
0.3068614190434534,0.266384778012685,0.6268656716417911
0.30752540273336815,0.2669491525423729,0.6268656716417911
0.3086504321463773,0.2653927813163482,0.6218905472636815
0.3093281643013097,0.26382978723404255,0.6169154228855721
0.3101893868083518,0.26439232409381663,0.6169154228855721
0.31031183374358545,0.26495726495726496,0.6169154228855721
0.3105023002629931,0.26552462526766596,0.6169154228855721
0.3118915977049101,0.26394849785407726,0.6119402985074627
0.3137448225396454,0.2645161290322581,0.6119402985074627
0.31434434818498436,0.2650862068965517,0.6119402985074627
0.31438358093548646,0.2634989200863931,0.6069651741293532
0.31440513759274236,0.26406926406926406,0.6069651741293532
0.31475129164371607,0.26247288503253796,0.6019900497512438
0.3150250013005312,0.26304347826086955,0.6019900497512438
0.3157653764948734,0.2636165577342048,0.6019900497512438
0.3159951061368161,0.26200873362445415,0.5970149253731343
0.3165799968091647,0.26258205689277897,0.5970149253731343
0.31679828490380635,0.26096491228070173,0.5920398009950248
0.3170443785452728,0.26153846153846155,0.5920398009950248
0.31795870575917595,0.2621145374449339,0.5920398009950248
0.3190366300238703,0.26269315673289184,0.5920398009950248
0.3190636126731314,0.26327433628318586,0.5920398009950248
0.32001591380803374,0.2638580931263858,0.5920398009950248
0.32006585509946056,0.2644444444444444,0.5920398009950248
0.3208734060491492,0.2650334075723831,0.5920398009950248
0.3213768416598371,0.265625,0.5920398009950248
0.32141291130447297,0.2662192393736018,0.5920398009950248
0.32178267646436653,0.26681614349775784,0.5920398009950248
0.32194747567778137,0.26741573033707866,0.5920398009950248
0.32387168615926676,0.268018018018018,0.5920398009950248
0.3241983233974398,0.2686230248306998,0.5920398009950248
0.32420306486159883,0.2669683257918552,0.5870646766169154
0.32445046043684933,0.2675736961451247,0.5870646766169154
0.3248350671352176,0.2681818181818182,0.5870646766169154
0.32510253564795705,0.26651480637813213,0.582089552238806
0.325295731182788,0.2671232876712329,0.582089552238806
0.32640553263850547,0.26773455377574373,0.582089552238806
0.32659344180571054,0.268348623853211,0.582089552238806
0.32707094907240886,0.2689655172413793,0.582089552238806
0.32755344879630843,0.2695852534562212,0.582089552238806
0.32891035278182057,0.2702078521939954,0.582089552238806
0.32931443083363177,0.2708333333333333,0.582089552238806
0.3293984041017678,0.2691415313225058,0.5771144278606966
0.3297257476987149,0.26976744186046514,0.5771144278606966
0.3298847750239394,0.2703962703962704,0.5771144278606966
0.3313007849839973,0.27102803738317754,0.5771144278606966
0.3314528233932288,0.2716627634660422,0.5771144278606966
0.33156259998926396,0.27230046948356806,0.5771144278606966
0.333947314627197,0.27058823529411763,0.572139303482587
0.33438046664909077,0.27122641509433965,0.572139303482587
0.33511972987328237,0.2718676122931442,0.572139303482587
0.33637789826257136,0.2725118483412322,0.572139303482587
0.3367901478369605,0.27315914489311166,0.572139303482587
0.3378694121087508,0.27380952380952384,0.572139303482587
0.340048614270593,0.2744630071599045,0.572139303482587
0.3400517754402609,0.2751196172248804,0.572139303482587
0.3405219277964098,0.27577937649880097,0.572139303482587
0.34072924903739993,0.27403846153846156,0.5671641791044776
0.34295725243753195,0.27228915662650605,0.5621890547263682
0.3430900998496416,0.27294685990338163,0.5621890547263682
0.3430963161284319,0.2736077481840194,0.5621890547263682
0.3445863063225444,0.27427184466019416,0.5621890547263682
0.34531972754930645,0.2725060827250608,0.5572139303482587
0.3453347984212476,0.2731707317073171,0.5572139303482587
0.34545704951309697,0.2713936430317848,0.5522388059701493
0.34577861131334553,0.27205882352941174,0.5522388059701493
0.34612539098988854,0.2702702702702703,0.5472636815920398
0.3479635888149551,0.2684729064039409,0.5422885572139303
0.3481518081125452,0.2691358024691358,0.5422885572139303
0.34820297562511054,0.2698019801980198,0.5422885572139303
0.34874486784245884,0.2704714640198511,0.5422885572139303
0.34923570566002016,0.27114427860696516,0.5422885572139303
0.3494268949267926,0.26932668329177056,0.5373134328358209
0.3502389070895531,0.27,0.5373134328358209
0.35031259122520897,0.2706766917293233,0.5373134328358209
0.35149407050332176,0.271356783919598,0.5373134328358209
0.35174684815441637,0.2695214105793451,0.5323383084577115
0.3542936437523747,0.2702020202020202,0.5323383084577115
0.3544590575670163,0.2708860759493671,0.5323383084577115
0.3557413646222688,0.2715736040609137,0.5323383084577115
0.3563882611672608,0.272264631043257,0.5323383084577115
0.35783962181884565,0.2729591836734694,0.5323383084577115
0.35798442237452655,0.2710997442455243,0.527363184079602
0.35919791732235046,0.2717948717948718,0.527363184079602
0.36027152948214886,0.27249357326478146,0.527363184079602
0.36084315092681746,0.27319587628865977,0.527363184079602
0.36106970006964834,0.2739018087855297,0.527363184079602
0.3610866452524377,0.27461139896373055,0.527363184079602
0.3610962995885892,0.2753246753246753,0.527363184079602
0.36174995947739214,0.2760416666666667,0.527363184079602
0.3617758778624329,0.27676240208877284,0.527363184079602
0.3628149667888559,0.2774869109947644,0.527363184079602
0.3631817123814039,0.2782152230971129,0.527363184079602
0.3638803457344669,0.2789473684210526,0.527363184079602
0.3657228760698845,0.2796833773087071,0.527363184079602
0.36698298948972996,0.2777777777777778,0.5223880597014925
0.36771438666348466,0.27851458885941643,0.5223880597014925
0.36779294654053146,0.27925531914893614,0.5223880597014925
0.3683118021706898,0.28,0.5223880597014925
0.36890092151207216,0.27807486631016043,0.5174129353233831
0.3690027148296727,0.2761394101876676,0.5124378109452736
0.3691165779473811,0.2768817204301075,0.5124378109452736
0.3693461388326654,0.2776280323450135,0.5124378109452736
0.3705995823680561,0.27837837837837837,0.5124378109452736
0.3706438208856065,0.2764227642276423,0.5074626865671642
0.3716116906704316,0.27717391304347827,0.5074626865671642
0.37284024724931975,0.2779291553133515,0.5074626865671642
0.3735239666802408,0.2786885245901639,0.5074626865671642
0.3739948943168939,0.27945205479452057,0.5074626865671642
0.3740714050550203,0.2802197802197802,0.5074626865671642
0.3744458329853098,0.2809917355371901,0.5074626865671642
0.3746445951485226,0.281767955801105,0.5074626865671642
0.3757984211926243,0.27977839335180055,0.5024875621890548
0.3767137600386246,0.28055555555555556,0.5024875621890548
0.3768042095505199,0.28133704735376047,0.5024875621890548
0.378221492957067,0.28212290502793297,0.5024875621890548
0.3788920282723183,0.28291316526610644,0.5024875621890548
0.3794906030726869,0.28370786516853935,0.5024875621890548
0.3802506875760705,0.28169014084507044,0.4975124378109453
0.381293587928024,0.2824858757062147,0.4975124378109453
0.38146405846496084,0.28328611898017,0.4975124378109453
0.38177975676773396,0.28125,0.4925373134328358
0.3823619476216248,0.28205128205128205,0.4925373134328358
0.38251746323722213,0.28285714285714286,0.4925373134328358
0.38346610664838077,0.2836676217765043,0.4925373134328358
0.38393614656863756,0.28160919540229884,0.48756218905472637
0.3843876121247627,0.2824207492795389,0.48756218905472637
0.3845010921112658,0.28034682080924855,0.48258706467661694
0.38484665167483567,0.2811594202898551,0.48258706467661694
0.3858600784060632,0.2819767441860465,0.48258706467661694
0.3862975921269826,0.27988338192419826,0.47761194029850745
0.3866414314541178,0.2807017543859649,0.47761194029850745
0.3866792595094652,0.2785923753665689,0.472636815920398
0.3868156930437782,0.27941176470588236,0.472636815920398
0.3879808091405827,0.28023598820059,0.472636815920398
0.38938849705321843,0.28106508875739644,0.472636815920398
0.3896380576074877,0.2818991097922849,0.472636815920398
0.38968953732192607,0.27976190476190477,0.46766169154228854
0.3899045921734896,0.27761194029850744,0.4626865671641791
0.3904513885869478,0.27844311377245506,0.4626865671641791
0.390460682810202,0.27927927927927926,0.4626865671641791
0.39283124158440746,0.28012048192771083,0.4626865671641791
0.39286886884645256,0.2809667673716012,0.4626865671641791
0.39391746597032085,0.2787878787878788,0.4577114427860697
0.39519784876313696,0.2796352583586626,0.4577114427860697
0.39605638801587656,0.2774390243902439,0.4527363184079602
0.3974252015578757,0.2782874617737003,0.4527363184079602
0.3976850899022451,0.2791411042944785,0.4527363184079602
0.39898485188770716,0.28,0.4527363184079602
0.399107236607665,0.2808641975308642,0.4527363184079602
0.39959358842548,0.28173374613003094,0.4527363184079602
0.3998427047930751,0.2826086956521739,0.4527363184079602
0.40070501158598426,0.2803738317757009,0.44776119402985076
0.40080512652529793,0.28125,0.44776119402985076
0.4029063402375507,0.28213166144200624,0.44776119402985076
0.40425411949810464,0.279874213836478,0.4427860696517413
0.4051484971649957,0.2807570977917981,0.4427860696517413
0.40616834725322193,0.27848101265822783,0.43781094527363185
0.4062083192362227,0.2761904761904762,0.43283582089552236
0.4064436349923393,0.2770700636942675,0.43283582089552236
0.4068273038929344,0.2779552715654952,0.43283582089552236
0.4070959389012203,0.27884615384615385,0.43283582089552236
0.40762282963411084,0.2797427652733119,0.43283582089552236
0.40770129606087746,0.2806451612903226,0.43283582089552236
0.40844887990707607,0.2815533980582524,0.43283582089552236
0.40854848063252924,0.2824675324675325,0.43283582089552236
0.40859824514051635,0.28338762214983715,0.43283582089552236
0.4092206211728599,0.28104575163398693,0.42786069651741293
0.4092369902528521,0.2819672131147541,0.42786069651741293
0.41158982554156615,0.28289473684210525,0.42786069651741293
0.41188260124527415,0.2838283828382838,0.42786069651741293
0.41192381059151895,0.2814569536423841,0.4228855721393035
0.4120728599741531,0.2823920265780731,0.4228855721393035
0.41219033684746104,0.2833333333333333,0.4228855721393035
0.41552192463283855,0.2842809364548495,0.4228855721393035
0.4164737243361089,0.28523489932885904,0.4228855721393035
0.41696096927627824,0.28619528619528617,0.4228855721393035
0.4178762581194826,0.28378378378378377,0.417910447761194
0.41826578637568845,0.2847457627118644,0.417910447761194
0.41985797081304455,0.2857142857142857,0.417910447761194
0.4201415545331728,0.28668941979522183,0.417910447761194
0.4204008325240373,0.2876712328767123,0.417910447761194
0.42087799985398683,0.2852233676975945,0.4129353233830846
0.42126186192112297,0.2827586206896552,0.4079601990049751
0.42274534348236653,0.2837370242214533,0.4079601990049751
0.4253264808986666,0.2847222222222222,0.4079601990049751
0.42703518626726633,0.28222996515679444,0.40298507462686567
0.42791651765398414,0.28321678321678323,0.40298507462686567
0.428131854565268,0.28421052631578947,0.40298507462686567
0.42818339704169617,0.2852112676056338,0.40298507462686567
0.4284085357100154,0.2862190812720848,0.40298507462686567
0.43151418487001436,0.28368794326241137,0.39800995024875624
0.43203853294970784,0.2846975088967972,0.39800995024875624
0.4323163827744975,0.28214285714285714,0.39303482587064675
0.4323537311596325,0.2831541218637993,0.39303482587064675
0.43272113940972695,0.2841726618705036,0.39303482587064675
0.4333560100036649,0.2851985559566787,0.39303482587064675
0.4343368181526382,0.286231884057971,0.39303482587064675
0.4371177586989595,0.2872727272727273,0.39303482587064675
0.4384979296061942,0.28832116788321166,0.39303482587064675
0.43897497197411395,0.2893772893772894,0.39303482587064675
0.43914658426450465,0.29044117647058826,0.39303482587064675
0.4392452064949691,0.2915129151291513,0.39303482587064675
0.4398460486157482,0.29259259259259257,0.39303482587064675
0.44066912174060313,0.2899628252788104,0.3880597014925373
0.44083729035887625,0.291044776119403,0.3880597014925373
0.4410849986097861,0.2883895131086142,0.38308457711442784
0.44235326019341287,0.2894736842105263,0.38308457711442784
0.4433353976468713,0.28679245283018867,0.3781094527363184
0.44552479602449885,0.2878787878787879,0.3781094527363184
0.44709978790667254,0.28517110266159695,0.373134328358209
0.44827178286418096,0.2862595419847328,0.373134328358209
0.4485265197284753,0.28735632183908044,0.373134328358209
0.44911336488549497,0.2846153846153846,0.3681592039800995
0.44929564547830664,0.2857142857142857,0.3681592039800995
0.44958368107699676,0.2868217054263566,0.3681592039800995
0.4505238368401933,0.28793774319066145,0.3681592039800995
0.45091722892429087,0.2890625,0.3681592039800995
0.45124241750640004,0.28627450980392155,0.36318407960199006
0.45260834369134306,0.2874015748031496,0.36318407960199006
0.45314067173411443,0.2885375494071146,0.36318407960199006
0.4538609318050353,0.2857142857142857,0.3582089552238806
0.4549387017711084,0.2868525896414343,0.3582089552238806
0.45535641973490093,0.284,0.35323383084577115
0.4563697532117633,0.28112449799196787,0.3482587064676617
0.4587724672380853,0.28225806451612906,0.3482587064676617
0.4599814861081664,0.2834008097165992,0.3482587064676617
0.4602735541159137,0.2845528455284553,0.3482587064676617
0.46069598813019563,0.2857142857142857,0.3482587064676617
0.4611564248133657,0.28688524590163933,0.3482587064676617
0.46213961863210795,0.2880658436213992,0.3482587064676617
0.4622546517169732,0.28512396694214875,0.34328358208955223
0.46265986058802194,0.2821576763485477,0.3383084577114428
0.4631258575815954,0.2791666666666667,0.3333333333333333
0.46321451908517475,0.2803347280334728,0.3333333333333333
0.4640795546135165,0.2815126050420168,0.3333333333333333
0.4653801601312493,0.27848101265822783,0.3283582089552239
0.46624265524739994,0.2754237288135593,0.32338308457711445
0.46849202886433905,0.2765957446808511,0.32338308457711445
0.4703707063100983,0.2777777777777778,0.32338308457711445
0.47109354037516016,0.27896995708154504,0.32338308457711445
0.4717242144907301,0.2801724137931034,0.32338308457711445
0.47267206891995006,0.27705627705627706,0.31840796019900497
0.4753484161385833,0.2782608695652174,0.31840796019900497
0.4763057960911336,0.2794759825327511,0.31840796019900497
0.476631582493945,0.27631578947368424,0.31343283582089554
0.4771277555702402,0.2775330396475771,0.31343283582089554
0.4786369828814134,0.27876106194690264,0.31343283582089554
0.47956200843725727,0.28,0.31343283582089554
0.4799579881449695,0.28125,0.31343283582089554
0.48000827423168096,0.2825112107623318,0.31343283582089554
0.4804151748752774,0.27927927927927926,0.30845771144278605
0.4821878693809027,0.28054298642533937,0.30845771144278605
0.4827369400107215,0.2818181818181818,0.30845771144278605
0.4830974804610001,0.2785388127853881,0.3034825870646766
0.48310160952651104,0.2798165137614679,0.3034825870646766
0.4833622761692348,0.28110599078341014,0.3034825870646766
0.48376002398963586,0.2824074074074074,0.3034825870646766
0.48631538605281216,0.27906976744186046,0.29850746268656714
0.4865119359604882,0.2803738317757009,0.29850746268656714
0.48651437599166647,0.28169014084507044,0.29850746268656714
0.48728741260426256,0.2830188679245283,0.29850746268656714
0.48734590650514364,0.2843601895734597,0.29850746268656714
0.4874159206908678,0.2857142857142857,0.29850746268656714
0.48828427767278454,0.28708133971291866,0.29850746268656714
0.4894316576078285,0.28846153846153844,0.29850746268656714
0.48953900798677114,0.2898550724637681,0.29850746268656714
0.4916598467359739,0.2912621359223301,0.29850746268656714
0.49274818727718206,0.2926829268292683,0.29850746268656714
0.49287884224731576,0.28921568627450983,0.2935323383084577
0.49306453365253033,0.2857142857142857,0.2885572139303483
0.49497978557809924,0.28217821782178215,0.2835820895522388
0.4970597442807476,0.2835820895522388,0.2835820895522388
0.4971947254826811,0.285,0.2835820895522388
0.49769007975545265,0.2864321608040201,0.2835820895522388
0.4982300615926793,0.2878787878787879,0.2835820895522388
0.49881715560598905,0.2893401015228426,0.2835820895522388
0.4988958849058019,0.29081632653061223,0.2835820895522388
0.49890507997216,0.2923076923076923,0.2835820895522388
0.4991761194037406,0.28865979381443296,0.27860696517412936
0.49944864365112124,0.29015544041450775,0.27860696517412936
0.5010387336790859,0.2916666666666667,0.27860696517412936
0.5012397612909611,0.2931937172774869,0.27860696517412936
0.5012963383781908,0.29473684210526313,0.27860696517412936
0.5014766817950671,0.2962962962962963,0.27860696517412936
0.5037437006998711,0.2978723404255319,0.27860696517412936
0.5041517826489851,0.2994652406417112,0.27860696517412936
0.5055534717616679,0.3010752688172043,0.27860696517412936
0.5075767925482738,0.3027027027027027,0.27860696517412936
0.5081966235108838,0.30434782608695654,0.27860696517412936
0.5082143376946295,0.30601092896174864,0.27860696517412936
0.5093513922592997,0.3021978021978022,0.2736318407960199
0.5097140165604408,0.30386740331491713,0.2736318407960199
0.5099633538919737,0.3055555555555556,0.2736318407960199
0.5123663928613742,0.30726256983240224,0.2736318407960199
0.5174236494390142,0.30337078651685395,0.26865671641791045
0.5178687537506091,0.3050847457627119,0.26865671641791045
0.5184813216029991,0.30113636363636365,0.263681592039801
0.5190389219321837,0.3028571428571429,0.263681592039801
0.5201546072244031,0.3045977011494253,0.263681592039801
0.5206246029740393,0.3063583815028902,0.263681592039801
0.5244069156704521,0.3023255813953488,0.25870646766169153
0.5254870941537412,0.2982456140350877,0.2537313432835821
0.5265035730583678,0.3,0.2537313432835821
0.5279711403414387,0.2958579881656805,0.24875621890547264
0.5285280302987948,0.2976190476190476,0.24875621890547264
0.5302416497047492,0.2934131736526946,0.24378109452736318
0.53042728499267,0.2891566265060241,0.23880597014925373
0.5307352266128079,0.2909090909090909,0.23880597014925373
0.5311207864782486,0.2926829268292683,0.23880597014925373
0.5316624340994696,0.2883435582822086,0.23383084577114427
0.5321154027557679,0.29012345679012347,0.23383084577114427
0.5327570193461469,0.2919254658385093,0.23383084577114427
0.5328227547167542,0.29375,0.23383084577114427
0.5331629431363579,0.2893081761006289,0.22885572139303484
0.5337243611957342,0.2911392405063291,0.22885572139303484
0.5359940356050762,0.2929936305732484,0.22885572139303484
0.5374996641459041,0.28846153846153844,0.22388059701492538
0.5377080750842719,0.2903225806451613,0.22388059701492538
0.537918765409351,0.2922077922077922,0.22388059701492538
0.5381577447839576,0.2875816993464052,0.21890547263681592
0.5381986291093135,0.28289473684210525,0.21393034825870647
0.5382804389028827,0.2847682119205298,0.21393034825870647
0.5397931072604273,0.2866666666666667,0.21393034825870647
0.5411824039706078,0.28859060402684567,0.21393034825870647
0.5456015718513518,0.28378378378378377,0.208955223880597
0.5457692364127085,0.2857142857142857,0.208955223880597
0.5483563228993311,0.2808219178082192,0.20398009950248755
0.5485072047208943,0.2827586206896552,0.20398009950248755
0.5499293318000663,0.2777777777777778,0.19900497512437812
0.550129970927007,0.27972027972027974,0.19900497512437812
0.5512110733442463,0.28169014084507044,0.19900497512437812
0.5512303224124554,0.28368794326241137,0.19900497512437812
0.551428582334969,0.2785714285714286,0.19402985074626866
0.5517818280326356,0.2805755395683453,0.19402985074626866
0.5526254327643892,0.2826086956521739,0.19402985074626866
0.5540101108209688,0.2773722627737226,0.1890547263681592
0.5542125259074951,0.27941176470588236,0.1890547263681592
0.5570170328709811,0.2740740740740741,0.18407960199004975
0.5572227165726323,0.27611940298507465,0.18407960199004975
0.5575600145669817,0.2706766917293233,0.1791044776119403
0.5580436258056873,0.2727272727272727,0.1791044776119403
0.558241216779719,0.26717557251908397,0.17412935323383086
0.5594814385532662,0.2692307692307692,0.17412935323383086
0.5609875349660891,0.26356589147286824,0.1691542288557214
0.5617369368012097,0.2578125,0.16417910447761194
0.5628693506026036,0.25196850393700787,0.15920398009950248
0.5657614158855269,0.25396825396825395,0.15920398009950248
0.5659490633144543,0.256,0.15920398009950248
0.566201180282454,0.25806451612903225,0.15920398009950248
0.5662784566544554,0.2601626016260163,0.15920398009950248
0.5677790521521358,0.2540983606557377,0.15422885572139303
0.568805499134179,0.256198347107438,0.15422885572139303
0.5712218520041643,0.25833333333333336,0.15422885572139303
0.5713897151754813,0.2605042016806723,0.15422885572139303
0.5722442685461157,0.2542372881355932,0.14925373134328357
0.572730381531616,0.2564102564102564,0.14925373134328357
0.5729924500321274,0.25862068965517243,0.14925373134328357
0.5745666168246462,0.2608695652173913,0.14925373134328357
0.576020959088009,0.2631578947368421,0.14925373134328357
0.5773420282567967,0.26548672566371684,0.14925373134328357
0.5784684172172402,0.26785714285714285,0.14925373134328357
0.5801099518370374,0.26126126126126126,0.14427860696517414
0.5813147952464938,0.2636363636363636,0.14427860696517414
0.5829441740509067,0.26605504587155965,0.14427860696517414
0.5830014593948297,0.26851851851851855,0.14427860696517414
0.5832081713032021,0.27102803738317754,0.14427860696517414
0.5850133507240712,0.2641509433962264,0.13930348258706468
0.5855627396330264,0.26666666666666666,0.13930348258706468
0.5866411901344569,0.2692307692307692,0.13930348258706468
0.58760538446282,0.27184466019417475,0.13930348258706468
0.5889995768396217,0.27450980392156865,0.13930348258706468
0.5926410822264493,0.27722772277227725,0.13930348258706468
0.5978304055589572,0.28,0.13930348258706468
0.5980733104387481,0.2828282828282828,0.13930348258706468
0.5987249456531524,0.2857142857142857,0.13930348258706468
0.6002129566139112,0.28865979381443296,0.13930348258706468
0.6007361386097402,0.2916666666666667,0.13930348258706468
0.6024252533609603,0.29473684210526313,0.13930348258706468
0.6026332047667243,0.2978723404255319,0.13930348258706468
0.6035127405176822,0.3010752688172043,0.13930348258706468
0.60417504628574,0.30434782608695654,0.13930348258706468
0.6089852667497977,0.3076923076923077,0.13930348258706468
0.609559586978185,0.3111111111111111,0.13930348258706468
0.6097899774753632,0.3146067415730337,0.13930348258706468
0.6098413410092841,0.3181818181818182,0.13930348258706468
0.6114273034748596,0.3218390804597701,0.13930348258706468
0.6157306502076771,0.32558139534883723,0.13930348258706468
0.6163298925402222,0.32941176470588235,0.13930348258706468
0.6196061235274114,0.3333333333333333,0.13930348258706468
0.620137203808323,0.3373493975903614,0.13930348258706468
0.622531175407157,0.34146341463414637,0.13930348258706468
0.623173638390571,0.345679012345679,0.13930348258706468
0.6235948528255162,0.35,0.13930348258706468
0.6237668787548225,0.35443037974683544,0.13930348258706468
0.6252060305318252,0.358974358974359,0.13930348258706468
0.6262516034195741,0.36363636363636365,0.13930348258706468
0.6263190671685576,0.3684210526315789,0.13930348258706468
0.6265134801475993,0.37333333333333335,0.13930348258706468
0.6321307928128447,0.3783783783783784,0.13930348258706468
0.6333484869043045,0.3835616438356164,0.13930348258706468
0.6354834929698049,0.3888888888888889,0.13930348258706468
0.63712209461528,0.39436619718309857,0.13930348258706468
0.6378711370111008,0.4,0.13930348258706468
0.640024369918897,0.391304347826087,0.13432835820895522
0.6406443191201189,0.38235294117647056,0.12935323383084577
0.6410522338518415,0.3880597014925373,0.12935323383084577
0.6413183636971237,0.3939393939393939,0.12935323383084577
0.6421131481181584,0.4,0.12935323383084577
0.6456505778073076,0.40625,0.12935323383084577
0.6494510991756203,0.4126984126984127,0.12935323383084577
0.6501472698352849,0.4032258064516129,0.12437810945273632
0.6516292750945465,0.39344262295081966,0.11940298507462686
0.6525740112286038,0.4,0.11940298507462686
0.6554949063846568,0.4067796610169492,0.11940298507462686
0.6556040003434747,0.41379310344827586,0.11940298507462686
0.6565925763917708,0.40350877192982454,0.11442786069651742
0.657654672817896,0.4107142857142857,0.11442786069651742
0.6588877732721022,0.4,0.10945273631840796
0.6629507805128029,0.3888888888888889,0.1044776119402985
0.6630644670214136,0.39622641509433965,0.1044776119402985
0.6661555438004333,0.40384615384615385,0.1044776119402985
0.6701243649652286,0.4117647058823529,0.1044776119402985
0.67146319471262,0.42,0.1044776119402985
0.672423128640581,0.42857142857142855,0.1044776119402985
0.6766967560673732,0.4375,0.1044776119402985
0.6782890702427495,0.425531914893617,0.09950248756218906
0.6791181993420788,0.41304347826086957,0.0945273631840796
0.6795399292636477,0.4,0.08955223880597014
0.6817807183074834,0.38636363636363635,0.0845771144278607
0.6819355886649119,0.37209302325581395,0.07960199004975124
0.6819598906046054,0.38095238095238093,0.07960199004975124
0.6842322085371332,0.3902439024390244,0.07960199004975124
0.684984372208216,0.4,0.07960199004975124
0.6850494482822392,0.41025641025641024,0.07960199004975124
0.6852428511753699,0.42105263157894735,0.07960199004975124
0.6863370644996739,0.43243243243243246,0.07960199004975124
0.6864217259979773,0.4444444444444444,0.07960199004975124
0.68820362192027,0.45714285714285713,0.07960199004975124
0.6883275823422617,0.4411764705882353,0.07462686567164178
0.6898519354411669,0.45454545454545453,0.07462686567164178
0.6978813773748933,0.4375,0.06965174129353234
0.6979513211349939,0.45161290322580644,0.06965174129353234
0.6992675234441112,0.4666666666666667,0.06965174129353234
0.7016845957370239,0.4827586206896552,0.06965174129353234
0.702276332417468,0.4642857142857143,0.06467661691542288
0.70508297232364,0.48148148148148145,0.06467661691542288
0.709754746042171,0.5,0.06467661691542288
0.7129497256462312,0.52,0.06467661691542288
0.7154933494408907,0.5416666666666666,0.06467661691542288
0.7232084089996582,0.5652173913043478,0.06467661691542288
0.7238160568368368,0.5454545454545454,0.05970149253731343
0.7356185376079821,0.5714285714285714,0.05970149253731343
0.7575994698882892,0.6,0.05970149253731343
0.7606859734471476,0.5789473684210527,0.05472636815920398
0.7657511525622216,0.5555555555555556,0.04975124378109453
0.7678888204036306,0.5294117647058824,0.04477611940298507
0.771347644207962,0.5,0.03980099502487562
0.7879486139938267,0.4666666666666667,0.03482587064676617
0.7891263354092478,0.5,0.03482587064676617
0.7900132703000127,0.46153846153846156,0.029850746268656716
0.7915054813991415,0.4166666666666667,0.024875621890547265
0.7990469158059901,0.45454545454545453,0.024875621890547265
0.8011974247477861,0.4,0.01990049751243781
0.8056631219962797,0.4444444444444444,0.01990049751243781
0.8084528043486465,0.5,0.01990049751243781
0.8167847753348939,0.5714285714285714,0.01990049751243781
0.8276468994693381,0.6666666666666666,0.01990049751243781
0.832183764481353,0.8,0.01990049751243781
0.8463295529113737,0.75,0.014925373134328358
0.85130244345207,0.6666666666666666,0.009950248756218905
0.8612743810388972,1.0,0.009950248756218905
0.8752960728392376,1.0,0.004975124378109453
1.0,1.0,0.0
